group,stories,source_files,figma_references_in_source,storybook_tests,figma_verification,skip_visual_stories,light_baseline_files,dark_baseline_files
Charts/AreaChart,4,packages/charts/src/AreaChart.stories.tsx,https://www.figma.com/design/ZiRnYjr5N29yTkcIXihZUx/?node-id=30485-100231,passed in this session,Dashboard visual sample; no independent variant geometry claim,0,2,4
Charts/BarChart,10,packages/charts/src/BarChart.stories.tsx,https://www.figma.com/design/ZiRnYjr5N29yTkcIXihZUx/?node-id=30485-100226,passed in this session,Dashboard visual sample; no independent variant geometry claim,0,7,10
Charts/ChartContainer,9,packages/charts/src/ChartContainer.stories.tsx,https://www.figma.com/design/ZiRnYjr5N29yTkcIXihZUx/?node-id=25596-130956,passed in this session,inventory only; no independent variant parity claim,0,6,9
Charts/DonutChart,6,packages/charts/src/DonutChart.stories.tsx,https://www.figma.com/design/ZiRnYjr5N29yTkcIXihZUx/?node-id=30485-100244,passed in this session,Dashboard visual sample; no independent variant geometry claim,0,4,6
Charts/LineChart,11,packages/charts/src/LineChart.stories.tsx,https://www.figma.com/design/ZiRnYjr5N29yTkcIXihZUx/?node-id=30485-100231,passed in this session,inventory only; no independent variant parity claim,0,9,11
Charts/Sparkline,5,packages/charts/src/Sparkline.stories.tsx,https://www.figma.com/design/ZiRnYjr5N29yTkcIXihZUx/?node-id=25596-130956,passed in this session,inventory only; no independent variant parity claim,0,4,5
Components/Accordion,3,packages/ui/src/components/Accordion/Accordion.stories.tsx,,passed in this session,inventory only; no independent variant parity claim,0,2,3
Components/Alert,10,packages/ui/src/components/Alert/Alert.stories.tsx,,passed in this session,inventory only; no independent variant parity claim,0,9,10
Components/AlertDialog,7,packages/ui/src/components/AlertDialog/AlertDialog.stories.tsx,,passed in this session,inventory only; no independent variant parity claim,0,6,7
Components/Avatar/Avatar,4,packages/ui/src/components/Avatar/Avatar.stories.tsx,https://www.figma.com/design/ZiRnYjr5N29yTkcIXihZUx/?node-id=33400-47953,passed in this session,inventory only; no independent variant parity claim,0,4,4
Components/Avatar/AvatarGroup,5,packages/ui/src/components/Avatar/AvatarGroup.stories.tsx,,passed in this session,inventory only; no independent variant parity claim,0,4,5
Components/Badge,7,packages/ui/src/components/Badge/Badge.stories.tsx,https://www.figma.com/design/ZiRnYjr5N29yTkcIXihZUx/?node-id=32792-840,passed in this session,selected instance geometry; not all variants,0,6,7
Components/Breadcrumb,8,packages/ui/src/components/Breadcrumb/Breadcrumb.stories.tsx,https://www.figma.com/design/ZiRnYjr5N29yTkcIXihZUx/?node-id=34611-44167,passed in this session,inventory only; no independent variant parity claim,0,7,8
Components/Button,26,packages/ui/src/components/Button/Button.stories.tsx,https://www.figma.com/design/ZiRnYjr5N29yTkcIXihZUx/?node-id=33534-43615,passed in this session,selected instance geometry; not all variants,2,24,24
Components/Calendar,15,packages/ui/src/components/Calendar/Calendar.stories.tsx,https://www.figma.com/design/ZiRnYjr5N29yTkcIXihZUx/?node-id=33534-89331,passed in this session,selected instance geometry; not all variants,0,13,15
Components/Card,10,packages/ui/src/components/Card/Card.stories.tsx,https://www.figma.com/design/ZiRnYjr5N29yTkcIXihZUx/?node-id=33400-44142,passed in this session,selected instance geometry; not all variants,1,7,9
Components/Chip,6,packages/ui/src/components/Chip/Chip.stories.tsx,https://www.figma.com/design/ZiRnYjr5N29yTkcIXihZUx/?node-id=33305-29113,passed in this session,inventory only; no independent variant parity claim,0,5,6
Components/Combobox,13,packages/ui/src/components/Combobox/Combobox.stories.tsx,https://www.figma.com/design/ZiRnYjr5N29yTkcIXihZUx/?node-id=25559-12043,passed in this session,inventory only; no independent variant parity claim,0,12,13
Components/CommandPalette,8,packages/ui/src/components/CommandPalette/CommandPalette.stories.tsx,https://www.figma.com/design/ZiRnYjr5N29yTkcIXihZUx/?node-id=33509-104723,passed in this session,inventory only; no independent variant parity claim,0,7,8
Components/ContextMenu,2,packages/ui/src/components/ContextMenu/ContextMenu.stories.tsx,https://www.figma.com/design/ZiRnYjr5N29yTkcIXihZUx/?node-id=33534-70296,passed in this session,inventory only; no independent variant parity claim,0,2,2
Components/DatePicker,16,packages/ui/src/components/DatePicker/DatePicker.stories.tsx,https://www.figma.com/design/ZiRnYjr5N29yTkcIXihZUx/?node-id=33534-89331,passed in this session,inventory only; no independent variant parity claim,0,15,16
Components/DateRangePicker,11,packages/ui/src/components/DatePicker/DateRangePicker.stories.tsx,https://www.figma.com/design/ZiRnYjr5N29yTkcIXihZUx/?node-id=33534-89331,passed in this session,inventory only; no independent variant parity claim,0,10,11
Components/Dialog,5,packages/ui/src/components/Dialog/Dialog.stories.tsx,https://www.figma.com/design/ZiRnYjr5N29yTkcIXihZUx/?node-id=32546-96143,passed in this session,inventory only; no independent variant parity claim,1,3,4
Components/DropdownMenu,11,packages/ui/src/components/DropdownMenu/DropdownMenu.stories.tsx,https://www.figma.com/design/ZiRnYjr5N29yTkcIXihZUx/?node-id=33534-70296,passed in this session,inventory only; no independent variant parity claim,0,11,11
Components/Form,3,packages/ui/src/components/Form/Form.stories.tsx,https://www.figma.com/design/ZiRnYjr5N29yTkcIXihZUx/?node-id=25559-12043,passed in this session,inventory only; no independent variant parity claim,0,3,3
Components/Group,11,packages/ui/src/components/Group/Group.stories.tsx,https://www.figma.com/design/ZiRnYjr5N29yTkcIXihZUx/?node-id=33534-44048,passed in this session,selected instance geometry; not all variants,0,8,11
Components/IconBox,11,packages/ui/src/components/IconBox/IconBox.stories.tsx,https://www.figma.com/design/ZiRnYjr5N29yTkcIXihZUx/?node-id=33138-1011,passed in this session,selected instance geometry; not all variants,0,9,11
Components/IconText,9,packages/ui/src/components/IconText/IconText.stories.tsx,https://www.figma.com/design/ZiRnYjr5N29yTkcIXihZUx/?node-id=33302-438,passed in this session,selected instance geometry; not all variants,0,8,9
Components/Image,10,packages/ui/src/components/Image/Image.stories.tsx,https://www.figma.com/design/ZiRnYjr5N29yTkcIXihZUx/?node-id=33400-47953,passed in this session,inventory only; no independent variant parity claim,1,8,9
Components/Input/Checkbox,6,packages/ui/src/components/Input/Checkbox.stories.tsx,https://www.figma.com/design/ZiRnYjr5N29yTkcIXihZUx/?node-id=33400-60046,passed in this session,inventory only; no independent variant parity claim,0,6,6
Components/Input/Input,20,packages/ui/src/components/Input/Input.stories.tsx,https://www.figma.com/design/ZiRnYjr5N29yTkcIXihZUx/?node-id=33319-47513,passed in this session,selected instance geometry; not all variants,2,18,18
Components/Input/Input Small,6,packages/ui/src/components/Input/InputSmall.stories.tsx,https://www.figma.com/design/ZiRnYjr5N29yTkcIXihZUx/?node-id=33509-43630,passed in this session,inventory only; no independent variant parity claim,1,5,5
Components/Input/RadioGroup,3,packages/ui/src/components/Input/RadioGroup.stories.tsx,https://www.figma.com/design/ZiRnYjr5N29yTkcIXihZUx/?node-id=33400-74134,passed in this session,inventory only; no independent variant parity claim,0,3,3
Components/Input/Select,7,packages/ui/src/components/Input/Select.stories.tsx,https://www.figma.com/design/ZiRnYjr5N29yTkcIXihZUx/?node-id=25559-12043,passed in this session,inventory only; no independent variant parity claim,0,7,7
Components/Input/Slider,11,packages/ui/src/components/Input/Slider.stories.tsx,https://www.figma.com/design/ZiRnYjr5N29yTkcIXihZUx/?node-id=33509-205091,passed in this session,inventory only; no independent variant parity claim,0,11,11
Components/Input/Switch,5,packages/ui/src/components/Input/Switch.stories.ts,https://www.figma.com/design/ZiRnYjr5N29yTkcIXihZUx/?node-id=33319-52352,passed in this session,inventory only; no independent variant parity claim,0,5,5
Components/Input/Textarea,6,packages/ui/src/components/Input/Textarea.stories.ts,https://www.figma.com/design/ZiRnYjr5N29yTkcIXihZUx/?node-id=33400-83401,passed in this session,selected instance geometry; not all variants,1,5,5
Components/Input/Toggle,7,packages/ui/src/components/Input/Toggle.stories.tsx,https://www.figma.com/design/ZiRnYjr5N29yTkcIXihZUx/?node-id=33534-46913,passed in this session,inventory only; no independent variant parity claim,0,7,7
Components/Input/ToggleGroup,7,packages/ui/src/components/Input/ToggleGroup.stories.tsx,https://www.figma.com/design/ZiRnYjr5N29yTkcIXihZUx/?node-id=33534-46913,passed in this session,inventory only; no independent variant parity claim,0,7,7
Components/Label,1,packages/ui/src/components/Label/Label.stories.ts,https://www.figma.com/design/ZiRnYjr5N29yTkcIXihZUx/?node-id=25559-12043,passed in this session,inventory only; no independent variant parity claim,0,1,1
Components/Link,5,packages/ui/src/components/Link/Link.stories.tsx,https://www.figma.com/design/ZiRnYjr5N29yTkcIXihZUx/?node-id=33400-239816,passed in this session,inventory only; no independent variant parity claim,0,5,5
Components/ListCard,6,packages/ui/src/components/ListCard/ListCard.stories.tsx,https://www.figma.com/design/ZiRnYjr5N29yTkcIXihZUx/?node-id=33320-7465; https://www.figma.com/design/ZiRnYjr5N29yTkcIXihZUx/?node-id=33534-138393; https://www.figma.com/design/ZiRnYjr5N29yTkcIXihZUx/?node-id=33534-151148,passed in this session,inventory only; no independent variant parity claim,0,5,6
Components/ListItem,6,packages/ui/src/components/ListItem/ListItem.stories.tsx,https://www.figma.com/design/ZiRnYjr5N29yTkcIXihZUx/?node-id=33320-7465; https://www.figma.com/design/ZiRnYjr5N29yTkcIXihZUx/?node-id=33534-138393; https://www.figma.com/design/ZiRnYjr5N29yTkcIXihZUx/?node-id=33534-151148,passed in this session,inventory only; no independent variant parity claim,0,5,6
Components/MultiSelect,8,packages/ui/src/components/Combobox/MultiSelect.stories.tsx,https://www.figma.com/design/ZiRnYjr5N29yTkcIXihZUx/?node-id=25559-12043,passed in this session,inventory only; no independent variant parity claim,0,7,8
Components/Pagination,8,packages/ui/src/components/Pagination/Pagination.stories.tsx,https://www.figma.com/design/ZiRnYjr5N29yTkcIXihZUx/?node-id=32728-395827,passed in this session,inventory only; no independent variant parity claim,0,7,8
Components/Popover,2,packages/ui/src/components/Popover/Popover.stories.tsx,https://www.figma.com/design/ZiRnYjr5N29yTkcIXihZUx/?node-id=33534-70296,passed in this session,selected instance geometry; not all variants,0,2,2
Components/Progress,11,packages/ui/src/components/Progress/Progress.stories.tsx,,passed in this session,inventory only; no independent variant parity claim,0,10,11
Components/Scheduler,6,packages/ui/src/components/Scheduler/Scheduler.stories.tsx,,passed in this session,inventory only; no independent variant parity claim,1,5,5
Components/Search,11,packages/ui/src/components/Search/Search.stories.tsx,https://www.figma.com/design/ZiRnYjr5N29yTkcIXihZUx/?node-id=33509-43630,passed in this session,selected instance geometry; not all variants,1,9,10
Components/Separator,8,packages/ui/src/components/Separator/Separator.stories.tsx,https://www.figma.com/design/ZiRnYjr5N29yTkcIXihZUx/?node-id=32792-1923,passed in this session,selected instance geometry; not all variants,0,6,8
Components/Sheet,5,packages/ui/src/components/Sheet/Sheet.stories.tsx,,passed in this session,inventory only; no independent variant parity claim,0,4,5
Components/Sidebar,7,packages/ui/src/components/Sidebar/Sidebar.stories.tsx,https://www.figma.com/design/ZiRnYjr5N29yTkcIXihZUx/?node-id=34611-43783,passed in this session,inventory only; no independent variant parity claim,1,5,6
Components/Skeleton,2,packages/ui/src/components/Skeleton/Skeleton.stories.tsx,,passed in this session,inventory only; no independent variant parity claim,0,1,2
Components/SnowUIProvider,6,packages/ui/src/components/SnowUIProvider/SnowUIProvider.stories.tsx,,passed in this session,inventory only; no independent variant parity claim,0,6,4
Components/Spinner,7,packages/ui/src/components/Spinner/Spinner.stories.tsx,,passed in this session,inventory only; no independent variant parity claim,0,6,7
Components/Strip,7,packages/ui/src/components/Strip/Strip.stories.tsx,https://www.figma.com/design/ZiRnYjr5N29yTkcIXihZUx/?node-id=32792-9423,passed in this session,selected instance geometry; not all variants,0,5,7
Components/Table,14,packages/ui/src/components/Table/Table.stories.tsx,https://www.figma.com/design/ZiRnYjr5N29yTkcIXihZUx/?node-id=25596-130955,passed in this session,inventory only; no independent variant parity claim,6,7,8
Components/Tabs,12,packages/ui/src/components/Tabs/Tabs.stories.tsx,https://www.figma.com/design/ZiRnYjr5N29yTkcIXihZUx/?node-id=33534-46913,passed in this session,selected instance geometry; not all variants,0,12,12
Components/Tag,9,packages/ui/src/components/Tag/Tag.stories.tsx,https://www.figma.com/design/ZiRnYjr5N29yTkcIXihZUx/?node-id=33307-661,passed in this session,selected instance geometry; not all variants,0,9,9
Components/Text/KBD,3,packages/ui/src/components/Text/KBD.stories.ts,https://www.figma.com/design/ZiRnYjr5N29yTkcIXihZUx/?node-id=33257-43265,passed in this session,inventory only; no independent variant parity claim,0,3,3
Components/Text/Text,2,packages/ui/src/components/Text/Text.stories.ts,https://www.figma.com/design/ZiRnYjr5N29yTkcIXihZUx/?node-id=32814-289,passed in this session,selected instance geometry; not all variants,0,2,2
Components/TextStrip,6,packages/ui/src/components/TextStrip/TextStrip.stories.tsx,https://www.figma.com/design/ZiRnYjr5N29yTkcIXihZUx/?node-id=33305-28879,passed in this session,inventory only; no independent variant parity claim,0,5,6
Components/Toaster,9,packages/ui/src/components/Toaster/Toaster.stories.tsx,https://www.figma.com/design/ZiRnYjr5N29yTkcIXihZUx/?node-id=33296-44393,passed in this session,selected instance geometry; not all variants,0,8,9
Components/Tooltip,5,packages/ui/src/components/Tooltip/Tooltip.stories.tsx,https://www.figma.com/design/ZiRnYjr5N29yTkcIXihZUx/?node-id=33400-45026,passed in this session,selected instance geometry; not all variants,0,5,5
Foundations,8,packages/ui/src/foundations/Foundations.stories.tsx,https://www.figma.com/design/ZiRnYjr5N29yTkcIXihZUx/?node-id=15098-130290,passed in this session,inventory only; no independent variant parity claim,0,8,8
Icons,50,packages/icons/src/lib/Icons.stories.tsx,https://www.figma.com/design/ZiRnYjr5N29yTkcIXihZUx/?node-id=25559-5626,passed in this session,inventory only; no independent variant parity claim,0,50,50
Recipes/Dashboard,3,packages/ui/src/recipes/Dashboard.stories.tsx,,passed in this session,composition compared with Figma Overview,0,2,3
