family,source_id,variant,width,height,padding_left,padding_right,padding_top,padding_bottom,gap,radius,source_text_styles
Separator,32792:1924,"Layout=Horizontal, Count=8",80,40,0,0,0,0,8,0,[]
Separator,32792:1933,"Layout=Horizontal, Count=7",80,40,0,0,0,0,8,0,[]
Separator,32792:1941,"Layout=Horizontal, Count=6",80,40,0,0,0,0,8,0,[]
Separator,32792:1948,"Layout=Horizontal, Count=5",80,32,0,0,0,0,8,0,[]
Separator,32792:1954,"Layout=Horizontal, Count=4",80,32,0,0,0,0,8,0,[]
Separator,32792:1959,"Layout=Horizontal, Count=3",80,16,0,0,0,0,8,0,[]
Separator,32792:1963,"Layout=Horizontal, Count=2",80,8,0,0,0,0,8,0,[]
Separator,32792:1966,"Layout=Horizontal, Count=1",80,0,0,0,0,0,0,0,[]
Separator,32792:1968,"Layout=Left arrow, Count=1",80,0,0,0,0,0,0,0,[]
Separator,32792:1970,"Layout=Right arrow, Count=1",80,0,0,0,0,0,0,0,[]
Separator,32792:1972,"Layout=Vertical, Count=8",40,80,0,0,0,0,8,0,[]
Separator,32792:1981,"Layout=Vertical, Count=7",40,80,0,0,0,0,8,0,[]
Separator,32792:1989,"Layout=Vertical, Count=6",40,80,0,0,0,0,8,0,[]
Separator,32792:1996,"Layout=Vertical, Count=5",40,80,0,0,0,0,8,0,[]
Separator,32792:2002,"Layout=Vertical, Count=4",40,80,0,0,0,0,8,0,[]
Separator,32792:2007,"Layout=Vertical, Count=3",20,80,0,0,0,0,8,0,[]
Separator,32792:2011,"Layout=Vertical, Count=2",20,80,0,0,0,0,8,0,[]
Separator,32792:2014,"Layout=Vertical, Count=1",1,80,0,0,0,0,8,0,[]
Badge,32792:841,Type=Dot,16,16,0,0,0,0,0,4,[]
Badge,32792:843,Type=Number,25,18,6,6,1,1,0,80,"[[12, 16, ""Regular""]]"
Strip,32792:9424,"Count=6, Vertical=False",160,2,0,0,0,0,8,0,[]
Strip,32792:9425,"Count=7, Vertical=False",160,2,0,0,0,0,8,0,[]
Strip,32792:9426,"Count=5, Vertical=False",160,2,0,0,0,0,8,0,[]
Strip,32792:9427,"Count=4, Vertical=False",160,2,0,0,0,0,8,0,[]
Strip,32792:9428,"Count=3, Vertical=False",160,2,0,0,0,0,8,0,[]
Strip,32792:9429,"Count=2, Vertical=False",160,2,0,0,0,0,8,0,[]
Strip,32792:9430,"Count=1, Vertical=False",160,2,0,0,0,0,8,0,[]
Strip,32792:9431,"Count=4, Vertical=True",2,134,0,0,0,0,8,0,[]
Strip,32792:9432,"Count=5, Vertical=True",2,134,0,0,0,0,8,0,[]
Strip,32792:9433,"Count=6, Vertical=True",2,134,0,0,0,0,8,0,[]
Strip,32792:9434,"Count=7, Vertical=True",2,134,0,0,0,0,8,0,[]
Strip,32792:9435,"Count=3, Vertical=True",2,134,0,0,0,0,8,0,[]
Strip,32792:9436,"Count=2, Vertical=True",2,134,0,0,0,0,8,0,[]
Strip,32792:9437,"Count=1, Vertical=True",2,134,0,0,0,0,8,0,[]
IconBox,33138:1012,"Size=80, Background=True, Badge=True",104,104,12,12,12,12,0,28,[]
IconBox,33138:1015,"Size=48, Background=True, Badge=True",64,64,8,8,8,8,0,20,[]
IconBox,33138:1018,"Size=40, Background=True, Badge=True",56,56,8,8,8,8,0,16,[]
IconBox,33138:1021,"Size=32, Background=True, Badge=True",40,40,4,4,4,4,0,12,[]
IconBox,33138:1024,"Size=28, Background=True, Badge=True",36,36,4,4,4,4,0,12,[]
IconBox,33138:1027,"Size=24, Background=True, Badge=True",32,32,4,4,4,4,0,12,[]
IconBox,33138:1030,"Size=20, Background=True, Badge=True",28,28,4,4,4,4,0,8,[]
IconBox,33138:1033,"Size=16, Background=True, Badge=True",24,24,4,4,4,4,0,8,[]
IconBox,33138:1036,"Size=12, Background=True, Badge=True",20,20,4,4,4,4,0,8,[]
IconBox,33138:1039,"Size=80, Background=False, Badge=True",80,80,0,0,0,0,0,0,[]
IconBox,33138:1042,"Size=48, Background=False, Badge=True",48,48,0,0,0,0,0,0,[]
IconBox,33138:1045,"Size=40, Background=False, Badge=True",40,40,0,0,0,0,0,0,[]
IconBox,33138:1048,"Size=32, Background=False, Badge=True",32,32,0,0,0,0,0,0,[]
IconBox,33138:1051,"Size=28, Background=False, Badge=True",28,28,0,0,0,0,0,0,[]
IconBox,33138:1054,"Size=24, Background=False, Badge=True",24,24,0,0,0,0,0,0,[]
IconBox,33138:1057,"Size=20, Background=False, Badge=True",20,20,0,0,0,0,0,0,[]
IconBox,33138:1060,"Size=16, Background=False, Badge=True",16,16,0,0,0,0,0,0,[]
IconBox,33138:1063,"Size=12, Background=False, Badge=True",12,12,0,0,0,0,0,0,[]
IconBox,33138:1066,"Size=80, Background=True, Badge=False",104,104,12,12,12,12,0,28,[]
IconBox,33138:1068,"Size=48, Background=True, Badge=False",64,64,8,8,8,8,0,20,[]
IconBox,33138:1070,"Size=40, Background=True, Badge=False",56,56,8,8,8,8,0,16,[]
IconBox,33138:1072,"Size=32, Background=True, Badge=False",40,40,4,4,4,4,0,12,[]
IconBox,33138:1074,"Size=28, Background=True, Badge=False",36,36,4,4,4,4,0,12,[]
IconBox,33138:1076,"Size=24, Background=True, Badge=False",32,32,4,4,4,4,0,12,[]
IconBox,33138:1078,"Size=20, Background=True, Badge=False",28,28,4,4,4,4,0,8,[]
IconBox,33138:1080,"Size=16, Background=True, Badge=False",24,24,4,4,4,4,0,8,[]
IconBox,33138:1082,"Size=12, Background=True, Badge=False",20,20,4,4,4,4,0,8,[]
IconBox,33138:1084,"Size=80, Background=False, Badge=False",80,80,0,0,0,0,0,0,[]
IconBox,33138:1086,"Size=48, Background=False, Badge=False",48,48,0,0,0,0,0,0,[]
IconBox,33138:1088,"Size=40, Background=False, Badge=False",40,40,0,0,0,0,0,0,[]
IconBox,33138:1090,"Size=32, Background=False, Badge=False",32,32,0,0,0,0,0,0,[]
IconBox,33138:1092,"Size=28, Background=False, Badge=False",28,28,0,0,0,0,0,0,[]
IconBox,33138:1094,"Size=24, Background=False, Badge=False",24,24,0,0,0,0,0,0,[]
IconBox,33138:1096,"Size=20, Background=False, Badge=False",20,20,0,0,0,0,0,0,[]
IconBox,33138:1098,"Size=16, Background=False, Badge=False",16,16,0,0,0,0,0,0,[]
IconBox,33138:1100,"Size=12, Background=False, Badge=False",12,12,0,0,0,0,0,0,[]
Toaster,33296:44394,"State=Successful, Big=True",87,36,12,12,8,8,8,16,"[[14, 20, ""Regular""]]"
Toaster,33296:44395,"State=Failure, Big=True",174,36,12,12,8,8,8,16,"[[14, 20, ""Regular""]]"
Toaster,33296:44396,"State=Successful, Big=False",66,24,8,8,4,4,4,16,"[[12, 16, ""Regular""]]"
Toaster,33296:44397,"State=Failure, Big=False",138,24,8,8,4,4,4,16,"[[12, 16, ""Regular""]]"
IconText,33302:439,"Vertical=False, Flip=False",53,20,0,0,0,0,8,12,[]
IconText,33302:442,"Vertical=False, Flip=True",53,20,0,0,0,0,8,12,[]
IconText,33302:445,"Vertical=True, Flip=False",29,44,0,0,0,0,8,12,[]
IconText,33302:448,"Vertical=True, Flip=True",29,44,0,0,0,0,8,12,[]
TextStrip,33305:28880,Strip=True,160,28,0,0,0,0,0,16,[]
TextStrip,33305:28883,Strip=False,160,28,0,0,0,0,0,16,[]
Chip,33305:29114,"Color=Purple, Big=False, Background=False",43,16,0,0,0,0,0,4,"[[12, 16, ""Regular""]]"
Chip,33305:29117,"Color=Indigo, Big=False, Background=False",43,16,0,0,0,0,0,4,"[[12, 16, ""Regular""]]"
Chip,33305:29120,"Color=Purple, Big=True, Background=False",52,20,0,0,0,0,0,4,"[[14, 20, ""Regular""]]"
Chip,33305:29123,"Color=Indigo, Big=True, Background=False",52,20,0,0,0,0,0,4,"[[14, 20, ""Regular""]]"
Chip,33305:29126,"Color=Purple, Big=False, Background=True",47,20,8,8,2,2,0,80,"[[12, 16, ""Regular""]]"
Chip,33305:29130,"Color=Indigo, Big=False, Background=True",47,20,8,8,2,2,0,80,"[[12, 16, ""Regular""]]"
Chip,33305:29134,"Color=Purple, Big=True, Background=True",60,28,12,12,4,4,0,80,"[[14, 20, ""Regular""]]"
Chip,33305:29138,"Color=Indigo, Big=True, Background=True",60,28,12,12,4,4,0,80,"[[14, 20, ""Regular""]]"
Chip,33305:29142,"Color=Blue, Big=False, Background=False",43,16,0,0,0,0,0,4,"[[12, 16, ""Regular""]]"
Chip,33305:29145,"Color=Blue, Big=True, Background=False",52,20,0,0,0,0,0,4,"[[14, 20, ""Regular""]]"
Chip,33305:29148,"Color=Blue, Big=False, Background=True",47,20,8,8,2,2,0,80,"[[12, 16, ""Regular""]]"
Chip,33305:29152,"Color=Blue, Big=True, Background=True",60,28,12,12,4,4,0,80,"[[14, 20, ""Regular""]]"
Chip,33305:29156,"Color=Orange, Big=False, Background=False",43,16,0,0,0,0,0,4,"[[12, 16, ""Regular""]]"
Chip,33305:29159,"Color=Red, Big=False, Background=False",43,16,0,0,0,0,0,4,"[[12, 16, ""Regular""]]"
Chip,33305:29162,"Color=Orange, Big=True, Background=False",52,20,0,0,0,0,0,4,"[[14, 20, ""Regular""]]"
Chip,33305:29165,"Color=Red, Big=True, Background=False",52,20,0,0,0,0,0,4,"[[14, 20, ""Regular""]]"
Chip,33305:29168,"Color=Orange, Big=False, Background=True",47,20,8,8,2,2,0,80,"[[12, 16, ""Regular""]]"
Chip,33305:29172,"Color=Red, Big=False, Background=True",47,20,8,8,2,2,0,80,"[[12, 16, ""Regular""]]"
Chip,33305:29176,"Color=Orange, Big=True, Background=True",60,28,12,12,4,4,0,80,"[[14, 20, ""Regular""]]"
Chip,33305:29180,"Color=Red, Big=True, Background=True",60,28,12,12,4,4,0,80,"[[14, 20, ""Regular""]]"
Chip,33305:29184,"Color=Grey, Big=False, Background=False",43,16,0,0,0,0,0,4,"[[12, 16, ""Regular""]]"
Chip,33305:29187,"Color=Grey, Big=True, Background=False",52,20,0,0,0,0,0,4,"[[14, 20, ""Regular""]]"
Chip,33305:29190,"Color=Grey, Big=False, Background=True",47,20,8,8,2,2,0,80,"[[12, 16, ""Regular""]]"
Chip,33305:29194,"Color=Grey, Big=True, Background=True",60,28,12,12,4,4,0,80,"[[14, 20, ""Regular""]]"
Chip,33305:29198,"Color=Green, Big=False, Background=False",43,16,0,0,0,0,0,4,"[[12, 16, ""Regular""]]"
Chip,33305:29201,"Color=Green, Big=True, Background=False",52,20,0,0,0,0,0,4,"[[14, 20, ""Regular""]]"
Chip,33305:29204,"Color=Green, Big=False, Background=True",47,20,8,8,2,2,0,80,"[[12, 16, ""Regular""]]"
Chip,33305:29208,"Color=Green, Big=True, Background=True",60,28,12,12,4,4,0,80,"[[14, 20, ""Regular""]]"
Tag,33307:662,"Type=Default, State=Default, Left Icon=True, Right Icon=True",53,20,4,4,2,2,0,8,"[[12, 16, ""Regular""]]"
Tag,33307:666,"Type=Default, State=Active, Left Icon=True, Right Icon=True",53,20,4,4,2,2,0,8,"[[12, 16, ""Regular""]]"
Tag,33307:671,"Type=Default, State=Static, Left Icon=True, Right Icon=True",53,20,4,4,2,2,0,8,"[[12, 16, ""Regular""]]"
Tag,33307:675,"Type=Default, State=Hover, Left Icon=True, Right Icon=True",53,20,4,4,2,2,0,8,"[[12, 16, ""Regular""]]"
Tag,33307:679,"Type=Default, State=Default, Left Icon=True, Right Icon=False",45,20,4,8,2,2,0,8,"[[12, 16, ""Regular""]]"
Tag,33307:682,"Type=Default, State=Active, Left Icon=True, Right Icon=False",45,20,4,8,2,2,0,8,"[[12, 16, ""Regular""]]"
Tag,33307:686,"Type=Default, State=Static, Left Icon=True, Right Icon=False",45,20,4,8,2,2,0,8,"[[12, 16, ""Regular""]]"
Tag,33307:689,"Type=Default, State=Hover, Left Icon=True, Right Icon=False",45,20,4,8,2,2,0,8,"[[12, 16, ""Regular""]]"
Tag,33307:692,"Type=Default, State=Default, Left Icon=False, Right Icon=True",45,20,8,4,2,2,0,8,"[[12, 16, ""Regular""]]"
Tag,33307:695,"Type=Default, State=Active, Left Icon=False, Right Icon=True",45,20,8,4,2,2,0,8,"[[12, 16, ""Regular""]]"
Tag,33307:699,"Type=Default, State=Static, Left Icon=False, Right Icon=True",45,20,8,4,2,2,0,8,"[[12, 16, ""Regular""]]"
Tag,33307:702,"Type=Default, State=Hover, Left Icon=False, Right Icon=True",45,20,8,4,2,2,0,8,"[[12, 16, ""Regular""]]"
Tag,33307:705,"Type=Default, State=Default, Left Icon=False, Right Icon=False",37,20,8,8,2,2,0,8,"[[12, 16, ""Regular""]]"
Tag,33307:707,"Type=Default, State=Active, Left Icon=False, Right Icon=False",37,20,8,8,2,2,0,8,"[[12, 16, ""Regular""]]"
Tag,33307:710,"Type=Default, State=Static, Left Icon=False, Right Icon=False",37,20,8,8,2,2,0,8,"[[12, 16, ""Regular""]]"
Tag,33307:712,"Type=Default, State=Hover, Left Icon=False, Right Icon=False",37,20,8,8,2,2,0,8,"[[12, 16, ""Regular""]]"
Tag,33307:714,"Type=Left arrow, State=Default, Left Icon=False, Right Icon=False",39.87750244140625,20,0,0,0,0,-8,4,"[[12, 16, ""Regular""]]"
Tag,33307:720,"Type=Left arrow, State=Active, Left Icon=False, Right Icon=False",39.87750244140625,20,0,0,0,0,-8,4,"[[12, 16, ""Regular""]]"
Tag,33307:727,"Type=Left arrow, State=Static, Left Icon=False, Right Icon=False",39.87750244140625,20,0,0,0,0,-8,4,"[[12, 16, ""Regular""]]"
Tag,33307:733,"Type=Left arrow, State=Hover, Left Icon=False, Right Icon=False",39.87750244140625,20,0,0,0,0,-8,4,"[[12, 16, ""Regular""]]"
Tag,33307:739,"Type=Right arrow, State=Default, Left Icon=False, Right Icon=False",39.87750244140625,20,0,0,0,0,-8,4,"[[12, 16, ""Regular""]]"
Tag,33307:745,"Type=Right arrow, State=Active, Left Icon=False, Right Icon=False",39.87750244140625,20,0,0,0,0,-8,4,"[[12, 16, ""Regular""]]"
Tag,33307:752,"Type=Right arrow, State=Static, Left Icon=False, Right Icon=False",39.87750244140625,20,0,0,0,0,-8,4,"[[12, 16, ""Regular""]]"
Tag,33307:758,"Type=Right arrow, State=Hover, Left Icon=False, Right Icon=False",39.87750244140625,20,0,0,0,0,-8,4,"[[12, 16, ""Regular""]]"
Input,33319:47514,"Type=1 row, State=Focus",120,44,16,16,12,12,8,16,[]
Input,33319:47515,"Type=1 row, State=Hover",120,44,16,16,12,12,8,16,[]
Input,33319:47516,"Type=1 row, State=Default",120,44,16,16,12,12,8,16,[]
Input,33319:47517,"Type=1 row, State=Static",120,44,16,16,12,12,8,16,[]
Input,33319:47518,"Type=2 row horizontal, State=Focus",120,44,16,16,12,12,8,16,[]
Input,33319:47519,"Type=2 row horizontal, State=Hover",120,44,16,16,12,12,8,16,[]
Input,33319:47520,"Type=2 row horizontal, State=Default",120,44,16,16,12,12,8,16,[]
Input,33319:47521,"Type=2 row horizontal, State=Static",120,44,16,16,12,12,8,16,[]
Input,33319:47522,"Type=2 row vertical, State=Focus",120,68,16,16,12,12,8,16,[]
Input,33319:47523,"Type=2 row vertical, State=Hover",120,68,16,16,12,12,8,16,[]
Input,33319:47524,"Type=2 row vertical, State=Default",120,68,16,16,12,12,8,16,[]
Input,33319:47525,"Type=2 row vertical, State=Static",120,68,16,16,12,12,8,16,[]
Link,33400:239817,"Variant=Default, State=Hover",28,20,0,0,0,0,0,12,"[[14, 20, ""Regular""]]"
Link,33400:239818,"Variant=Arrow, State=Hover",44,20,0,0,0,0,2,12,"[[14, 20, ""Regular""]]"
Link,33400:239819,"Variant=Default, State=Default",28,20,0,0,0,0,0,12,"[[14, 20, ""Regular""]]"
Link,33400:239820,"Variant=External, State=Default",42,20,0,0,0,0,2,12,"[[14, 20, ""Regular""]]"
Link,33400:239821,"Variant=External, State=Hover",42,20,0,0,0,0,2,12,"[[14, 20, ""Regular""]]"
Link,33400:239822,"Variant=Arrow, State=Default",44,20,0,0,0,0,2,12,"[[14, 20, ""Regular""]]"
Card,33400:44143,"Count=1, State=Static, Vertical=True",120,44,16,16,12,12,4,16,[]
Card,33400:44144,"Count=2, State=Static, Vertical=True",120,68,16,16,12,12,4,16,[]
Card,33400:44145,"Count=2, State=Static, Vertical=False",180,44,16,16,12,12,8,16,[]
Card,33400:44146,"Count=3, State=Static, Vertical=True",120,92,16,16,12,12,4,16,[]
Card,33400:44147,"Count=3, State=Static, Vertical=False",180,44,16,16,12,12,8,16,[]
Card,33400:44148,"Count=4, State=Static, Vertical=True",120,116,16,16,12,12,4,16,[]
Card,33400:44149,"Count=4, State=Static, Vertical=False",180,44,16,16,12,12,8,16,[]
Card,33400:44150,"Count=1, State=Selected, Vertical=True",120,44,16,16,12,12,4,16,[]
Card,33400:44151,"Count=2, State=Selected, Vertical=True",120,68,16,16,12,12,4,16,[]
Card,33400:44152,"Count=2, State=Selected, Vertical=False",180,44,16,16,12,12,8,16,[]
Card,33400:44153,"Count=3, State=Selected, Vertical=True",120,92,16,16,12,12,4,16,[]
Card,33400:44154,"Count=3, State=Selected, Vertical=False",180,44,16,16,12,12,8,16,[]
Card,33400:44155,"Count=4, State=Selected, Vertical=True",120,116,16,16,12,12,4,16,[]
Card,33400:44156,"Count=4, State=Selected, Vertical=False",180,44,16,16,12,12,8,16,[]
Card,33400:44157,"Count=1, State=Hover, Vertical=True",120,44,16,16,12,12,4,16,[]
Card,33400:44158,"Count=2, State=Hover, Vertical=True",120,68,16,16,12,12,4,16,[]
Card,33400:44159,"Count=2, State=Hover, Vertical=False",180,44,16,16,12,12,8,16,[]
Card,33400:44160,"Count=3, State=Hover, Vertical=True",120,92,16,16,12,12,4,16,[]
Card,33400:44161,"Count=3, State=Hover, Vertical=False",180,44,16,16,12,12,8,16,[]
Card,33400:44162,"Count=4, State=Hover, Vertical=True",120,116,16,16,12,12,4,16,[]
Card,33400:44163,"Count=4, State=Hover, Vertical=False",180,44,16,16,12,12,8,16,[]
Card,33400:44164,"Count=1, State=Default, Vertical=True",120,44,16,16,12,12,4,16,[]
Card,33400:44165,"Count=2, State=Default, Vertical=True",120,68,16,16,12,12,4,16,[]
Card,33400:44166,"Count=2, State=Default, Vertical=False",180,44,16,16,12,12,8,16,[]
Card,33400:44167,"Count=3, State=Default, Vertical=True",120,92,16,16,12,12,4,16,[]
Card,33400:44168,"Count=3, State=Default, Vertical=False",180,44,16,16,12,12,8,16,[]
Card,33400:44169,"Count=4, State=Default, Vertical=True",120,116,16,16,12,12,4,16,[]
Card,33400:44170,"Count=4, State=Default, Vertical=False",180,44,16,16,12,12,8,16,[]
Tooltip,33400:45027,Variant=Dark,72,24,0,0,0,0,0,12,[]
Tooltip,33400:45028,Variant=Light,72,24,0,0,0,0,0,12,[]
Avatar;Image,33400:47954,"Size=32, State=Selected, Option=True, Icon=False",32,32,0,0,0,0,0,8,[]
Avatar;Image,33400:47955,"Size=28, State=Selected, Option=True, Icon=False",28,28,0,0,0,0,0,8,[]
Avatar;Image,33400:47956,"Size=24, State=Selected, Option=True, Icon=False",24,24,0,0,0,0,0,8,[]
Avatar;Image,33400:47957,"Size=20, State=Selected, Option=True, Icon=False",20,20,0,0,0,0,0,4,[]
Avatar;Image,33400:47958,"Size=16, State=Selected, Option=True, Icon=False",16,16,0,0,0,0,0,4,[]
Avatar;Image,33400:47959,"Size=12, State=Selected, Option=True, Icon=False",12,12,0,0,0,0,0,4,[]
Avatar;Image,33400:47960,"Size=40, State=Selected, Option=True, Icon=False",40,40,0,0,0,0,0,12,[]
Avatar;Image,33400:47961,"Size=48, State=Selected, Option=True, Icon=False",48,48,0,0,0,0,0,12,[]
Avatar;Image,33400:47962,"Size=56, State=Selected, Option=True, Icon=False",56,56,0,0,0,0,0,16,[]
Avatar;Image,33400:47963,"Size=64, State=Selected, Option=True, Icon=False",64,64,0,0,0,0,0,20,[]
Avatar;Image,33400:47964,"Size=72, State=Selected, Option=True, Icon=False",72,72,0,0,0,0,0,20,[]
Avatar;Image,33400:47965,"Size=80, State=Selected, Option=True, Icon=False",80,80,0,0,0,0,0,20,[]
Avatar;Image,33400:47966,"Size=Free, State=Selected, Option=True, Icon=False",80,80,8,8,8,8,0,20,[]
Avatar;Image,33400:47967,"Size=32, State=Hover, Option=True, Icon=False",32,32,0,0,0,0,0,8,[]
Avatar;Image,33400:47968,"Size=28, State=Hover, Option=True, Icon=False",28,28,0,0,0,0,0,8,[]
Avatar;Image,33400:47969,"Size=24, State=Hover, Option=True, Icon=False",24,24,0,0,0,0,0,8,[]
Avatar;Image,33400:47970,"Size=20, State=Hover, Option=True, Icon=False",20,20,0,0,0,0,0,4,[]
Avatar;Image,33400:47971,"Size=16, State=Hover, Option=True, Icon=False",16,16,0,0,0,0,0,4,[]
Avatar;Image,33400:47972,"Size=12, State=Hover, Option=True, Icon=False",12,12,0,0,0,0,0,4,[]
Avatar;Image,33400:47973,"Size=40, State=Hover, Option=True, Icon=False",40,40,0,0,0,0,0,12,[]
Avatar;Image,33400:47974,"Size=48, State=Hover, Option=True, Icon=False",48,48,0,0,0,0,0,12,[]
Avatar;Image,33400:47975,"Size=56, State=Hover, Option=True, Icon=False",56,56,0,0,0,0,0,16,[]
Avatar;Image,33400:47976,"Size=64, State=Hover, Option=True, Icon=False",64,64,0,0,0,0,0,20,[]
Avatar;Image,33400:47977,"Size=72, State=Hover, Option=True, Icon=False",72,72,0,0,0,0,0,20,[]
Avatar;Image,33400:47978,"Size=80, State=Hover, Option=True, Icon=False",80,80,0,0,0,0,0,20,[]
Avatar;Image,33400:47979,"Size=Free, State=Hover, Option=True, Icon=False",80,80,8,8,8,8,0,20,[]
Avatar;Image,33400:47980,"Size=32, State=Default, Option=True, Icon=False",32,32,0,0,0,0,0,8,[]
Avatar;Image,33400:47981,"Size=28, State=Default, Option=True, Icon=False",28,28,0,0,0,0,0,8,[]
Avatar;Image,33400:47982,"Size=24, State=Default, Option=True, Icon=False",24,24,0,0,0,0,0,8,[]
Avatar;Image,33400:47983,"Size=20, State=Default, Option=True, Icon=False",20,20,0,0,0,0,0,4,[]
Avatar;Image,33400:47984,"Size=16, State=Default, Option=True, Icon=False",16,16,0,0,0,0,0,4,[]
Avatar;Image,33400:47985,"Size=12, State=Default, Option=True, Icon=False",12,12,0,0,0,0,0,4,[]
Avatar;Image,33400:47986,"Size=40, State=Default, Option=True, Icon=False",40,40,0,0,0,0,0,12,[]
Avatar;Image,33400:47987,"Size=48, State=Default, Option=True, Icon=False",48,48,0,0,0,0,0,12,[]
Avatar;Image,33400:47988,"Size=56, State=Default, Option=True, Icon=False",56,56,0,0,0,0,0,16,[]
Avatar;Image,33400:47989,"Size=64, State=Default, Option=True, Icon=False",64,64,0,0,0,0,0,20,[]
Avatar;Image,33400:47990,"Size=72, State=Default, Option=True, Icon=False",72,72,0,0,0,0,0,20,[]
Avatar;Image,33400:47991,"Size=80, State=Default, Option=True, Icon=False",80,80,0,0,0,0,0,20,[]
Avatar;Image,33400:47992,"Size=Free, State=Default, Option=True, Icon=False",80,80,8,8,8,8,0,20,[]
Avatar;Image,33400:47993,"Size=32, State=Hover, Option=False, Icon=False",32,32,0,0,0,0,0,8,[]
Avatar;Image,33400:47994,"Size=28, State=Hover, Option=False, Icon=False",28,28,0,0,0,0,0,8,[]
Avatar;Image,33400:47995,"Size=24, State=Hover, Option=False, Icon=False",24,24,0,0,0,0,0,8,[]
Avatar;Image,33400:47996,"Size=20, State=Hover, Option=False, Icon=False",20,20,0,0,0,0,0,4,[]
Avatar;Image,33400:47997,"Size=16, State=Hover, Option=False, Icon=False",16,16,0,0,0,0,0,4,[]
Avatar;Image,33400:47998,"Size=12, State=Hover, Option=False, Icon=False",12,12,0,0,0,0,0,4,[]
Avatar;Image,33400:47999,"Size=40, State=Hover, Option=False, Icon=False",40,40,0,0,0,0,0,12,[]
Avatar;Image,33400:48000,"Size=48, State=Hover, Option=False, Icon=False",48,48,0,0,0,0,0,12,[]
Avatar;Image,33400:48001,"Size=56, State=Hover, Option=False, Icon=False",56,56,0,0,0,0,0,16,[]
Avatar;Image,33400:48002,"Size=64, State=Hover, Option=False, Icon=False",64,64,0,0,0,0,0,20,[]
Avatar;Image,33400:48003,"Size=72, State=Hover, Option=False, Icon=False",72,72,0,0,0,0,0,20,[]
Avatar;Image,33400:48004,"Size=80, State=Hover, Option=False, Icon=False",80,80,0,0,0,0,0,20,[]
Avatar;Image,33400:48005,"Size=Free, State=Hover, Option=False, Icon=False",80,80,8,8,8,8,0,20,[]
Avatar;Image,33400:48006,"Size=32, State=Default, Option=False, Icon=False",32,32,0,0,0,0,0,8,[]
Avatar;Image,33400:48007,"Size=28, State=Default, Option=False, Icon=False",28,28,0,0,0,0,0,8,[]
Avatar;Image,33400:48008,"Size=24, State=Default, Option=False, Icon=False",24,24,0,0,0,0,0,8,[]
Avatar;Image,33400:48009,"Size=20, State=Default, Option=False, Icon=False",20,20,0,0,0,0,0,4,[]
Avatar;Image,33400:48010,"Size=16, State=Default, Option=False, Icon=False",16,16,0,0,0,0,0,4,[]
Avatar;Image,33400:48011,"Size=12, State=Default, Option=False, Icon=False",12,12,0,0,0,0,0,4,[]
Avatar;Image,33400:48012,"Size=40, State=Default, Option=False, Icon=False",40,40,0,0,0,0,0,12,[]
Avatar;Image,33400:48013,"Size=48, State=Default, Option=False, Icon=False",48,48,0,0,0,0,0,12,[]
Avatar;Image,33400:48014,"Size=56, State=Default, Option=False, Icon=False",56,56,0,0,0,0,0,16,[]
Avatar;Image,33400:48015,"Size=64, State=Default, Option=False, Icon=False",64,64,0,0,0,0,0,20,[]
Avatar;Image,33400:48016,"Size=72, State=Default, Option=False, Icon=False",72,72,0,0,0,0,0,20,[]
Avatar;Image,33400:48017,"Size=80, State=Default, Option=False, Icon=False",80,80,0,0,0,0,0,20,[]
Avatar;Image,33400:48018,"Size=Free, State=Default, Option=False, Icon=False",80,80,8,8,8,8,0,20,[]
Avatar;Image,33400:48019,"Size=32, State=Hover, Option=False, Icon=True",32,32,0,0,0,0,0,8,[]
Avatar;Image,33400:48020,"Size=28, State=Hover, Option=False, Icon=True",28,28,0,0,0,0,0,8,[]
Avatar;Image,33400:48021,"Size=24, State=Hover, Option=False, Icon=True",24,24,0,0,0,0,0,8,[]
Avatar;Image,33400:48022,"Size=20, State=Hover, Option=False, Icon=True",20,20,0,0,0,0,0,4,[]
Avatar;Image,33400:48023,"Size=16, State=Hover, Option=False, Icon=True",16,16,0,0,0,0,0,4,[]
Avatar;Image,33400:48024,"Size=12, State=Hover, Option=False, Icon=True",12,12,0,0,0,0,0,4,[]
Avatar;Image,33400:48025,"Size=40, State=Hover, Option=False, Icon=True",40,40,0,0,0,0,0,12,[]
Avatar;Image,33400:48026,"Size=48, State=Hover, Option=False, Icon=True",48,48,0,0,0,0,0,12,[]
Avatar;Image,33400:48027,"Size=56, State=Hover, Option=False, Icon=True",56,56,0,0,0,0,0,16,[]
Avatar;Image,33400:48028,"Size=64, State=Hover, Option=False, Icon=True",64,64,0,0,0,0,0,20,[]
Avatar;Image,33400:48029,"Size=72, State=Hover, Option=False, Icon=True",72,72,0,0,0,0,0,20,[]
Avatar;Image,33400:48030,"Size=80, State=Hover, Option=False, Icon=True",80,80,0,0,0,0,0,20,[]
Avatar;Image,33400:48031,"Size=Free, State=Hover, Option=False, Icon=True",80,80,8,8,8,8,0,20,[]
Avatar;Image,33400:48032,"Size=32, State=Default, Option=False, Icon=True",32,32,0,0,0,0,0,8,[]
Avatar;Image,33400:48033,"Size=28, State=Default, Option=False, Icon=True",28,28,0,0,0,0,0,8,[]
Avatar;Image,33400:48034,"Size=24, State=Default, Option=False, Icon=True",24,24,0,0,0,0,0,8,[]
Avatar;Image,33400:48035,"Size=20, State=Default, Option=False, Icon=True",20,20,0,0,0,0,0,4,[]
Avatar;Image,33400:48036,"Size=16, State=Default, Option=False, Icon=True",16,16,0,0,0,0,0,4,[]
Avatar;Image,33400:48037,"Size=12, State=Default, Option=False, Icon=True",12,12,0,0,0,0,0,4,[]
Avatar;Image,33400:48038,"Size=40, State=Default, Option=False, Icon=True",40,40,0,0,0,0,0,12,[]
Avatar;Image,33400:48039,"Size=48, State=Default, Option=False, Icon=True",48,48,0,0,0,0,0,12,[]
Avatar;Image,33400:48040,"Size=56, State=Default, Option=False, Icon=True",56,56,0,0,0,0,0,16,[]
Avatar;Image,33400:48041,"Size=64, State=Default, Option=False, Icon=True",64,64,0,0,0,0,0,20,[]
Avatar;Image,33400:48042,"Size=72, State=Default, Option=False, Icon=True",72,72,0,0,0,0,0,20,[]
Avatar;Image,33400:48043,"Size=80, State=Default, Option=False, Icon=True",80,80,0,0,0,0,0,20,[]
Avatar;Image,33400:48044,"Size=Free, State=Default, Option=False, Icon=True",80,80,8,8,8,8,0,20,[]
Input,33400:60047,"Select=Multiple, State=Hover",32,32,0,0,0,0,0,0,[]
Input,33400:60048,"Select=False, State=Hover",32,32,0,0,0,0,0,0,[]
Input,33400:60049,"Select=True, State=Hover",32,32,0,0,0,0,0,0,[]
Input,33400:60050,"Select=Multiple, State=Default",32,32,0,0,0,0,0,0,[]
Input,33400:60051,"Select=False, State=Default",32,32,0,0,0,0,0,0,[]
Input,33400:60052,"Select=True, State=Default",32,32,0,0,0,0,0,0,[]
Input,33400:74135,"Select=False, State=Hover",32,32,0,0,0,0,0,0,[]
Input,33400:74136,"Select=True, State=Hover",32,32,0,0,0,0,0,0,[]
Input,33400:74137,"Select=False, State=Default",32,32,0,0,0,0,0,0,[]
Input,33400:74138,"Select=True, State=Default",32,32,0,0,0,0,0,0,[]
Input,33509:205092,"Progress=0%, Active=False",160,32,0,0,0,0,0,8,[]
Input,33509:205093,"Progress=0%, Active=True",160,32,0,0,0,0,0,8,[]
Input,33509:205094,"Progress=28%, Active=False",160,32,0,0,0,0,0,8,[]
Input,33509:205095,"Progress=28%, Active=True",160,32,0,0,0,0,0,8,[]
Input,33509:205096,"Progress=74%, Active=False",160,32,0,0,0,0,0,8,[]
Input,33509:205097,"Progress=74%, Active=True",160,32,0,0,0,0,0,8,[]
Input,33509:205098,"Progress=100%, Active=False",160,32,0,0,0,0,0,8,[]
Input,33509:205099,"Progress=100%, Active=True",160,32,0,0,0,0,0,8,[]
Input;Search,33509:43631,"Type=Gray, State=Default",160,28,8,8,4,4,8,16,[]
Input;Search,33509:43632,"Type=Gray, State=Static",160,28,8,8,4,4,8,16,[]
Input;Search,33509:43633,"Type=Gray, State=Hover",160,28,8,8,4,4,8,16,[]
Input;Search,33509:43634,"Type=Gray, State=Focus",160,28,8,8,4,4,8,16,[]
Input;Search,33509:43635,"Type=Outline, State=Default",160,28,8,8,4,4,8,16,[]
Input;Search,33509:43636,"Type=Outline, State=Static",160,28,8,8,4,4,8,16,[]
Input;Search,33509:43637,"Type=Outline, State=Hover",160,28,8,8,4,4,8,16,[]
Input;Search,33509:43638,"Type=Outline, State=Focus",160,28,8,8,4,4,8,16,[]
Input;Search,33509:43639,"Type=Typing, State=Default",160,28,8,8,4,4,8,16,[]
Input;Search,33509:43640,"Type=Typing, State=Static",160,28,8,8,4,4,8,16,[]
Input;Search,33509:43641,"Type=Typing, State=Hover",160,28,8,8,4,4,8,16,[]
Input;Search,33509:43642,"Type=Typing, State=Focus",160,28,8,8,4,4,8,16,[]
Button,33534:43616,"Size=Large, Variant=Borderless, State=Default, Left Icon=True, Text=True, Right Icon=True",147,48,20,20,12,12,8,20,[]
Button,33534:43617,"Size=Large, Variant=Borderless, State=Default, Left Icon=True, Text=False, Right Icon=True",88,48,20,20,12,12,8,20,[]
Button,33534:43618,"Size=Large, Variant=Borderless, State=Default, Left Icon=True, Text=True, Right Icon=False",119,48,20,20,12,12,8,20,[]
Button,33534:43619,"Size=Large, Variant=Borderless, State=Default, Left Icon=True, Text=False, Right Icon=False",48,48,12,12,12,12,8,20,[]
Button,33534:43620,"Size=Large, Variant=Bare, State=Default, Left Icon=True, Text=False, Right Icon=False",24,24,0,0,0,0,8,0,[]
Button,33534:43621,"Size=Large, Variant=Borderless, State=Default, Left Icon=False, Text=True, Right Icon=False",91,48,20,20,12,12,8,20,[]
Button,33534:43622,"Size=Large, Variant=Bare, State=Default, Left Icon=False, Text=True, Right Icon=False",51,24,0,0,0,0,8,0,[]
Button,33534:43623,"Size=Large, Variant=Borderless, State=Default, Left Icon=False, Text=True, Right Icon=True",119,48,20,20,12,12,8,20,[]
Button,33534:43624,"Size=Large, Variant=Borderless, State=Hover, Left Icon=True, Text=True, Right Icon=True",155,48,20,20,12,12,8,20,[]
Button,33534:43625,"Size=Large, Variant=Borderless, State=Hover, Left Icon=True, Text=False, Right Icon=True",88,48,20,20,12,12,8,20,[]
Button,33534:43626,"Size=Large, Variant=Borderless, State=Hover, Left Icon=True, Text=True, Right Icon=False",127,48,20,20,12,12,8,20,[]
Button,33534:43627,"Size=Large, Variant=Borderless, State=Hover, Left Icon=True, Text=False, Right Icon=False",48,48,12,12,12,12,8,20,[]
Button,33534:43628,"Size=Large, Variant=Bare, State=Hover, Left Icon=True, Text=False, Right Icon=False",24,24,0,0,0,0,8,0,[]
Button,33534:43629,"Size=Large, Variant=Borderless, State=Hover, Left Icon=False, Text=True, Right Icon=False",99,48,20,20,12,12,8,20,[]
Button,33534:43630,"Size=Large, Variant=Bare, State=Hover, Left Icon=False, Text=True, Right Icon=False",59,24,0,0,0,0,8,0,[]
Button,33534:43631,"Size=Large, Variant=Borderless, State=Hover, Left Icon=False, Text=True, Right Icon=True",127,48,20,20,12,12,8,20,[]
Button,33534:43632,"Size=Large, Variant=Gray, State=Default, Left Icon=True, Text=True, Right Icon=True",147,48,20,20,12,12,8,20,[]
Button,33534:43633,"Size=Large, Variant=Gray, State=Default, Left Icon=True, Text=False, Right Icon=True",88,48,20,20,12,12,8,20,[]
Button,33534:43634,"Size=Large, Variant=Gray, State=Default, Left Icon=True, Text=True, Right Icon=False",119,48,20,20,12,12,8,20,[]
Button,33534:43635,"Size=Large, Variant=Gray, State=Default, Left Icon=True, Text=False, Right Icon=False",48,48,12,12,12,12,8,20,[]
Button,33534:43636,"Size=Large, Variant=Gray, State=Default, Left Icon=False, Text=True, Right Icon=False",91,48,20,20,12,12,8,20,[]
Button,33534:43637,"Size=Large, Variant=Gray, State=Default, Left Icon=False, Text=True, Right Icon=True",119,48,20,20,12,12,8,20,[]
Button,33534:43638,"Size=Large, Variant=Gray, State=Hover, Left Icon=True, Text=True, Right Icon=True",155,48,20,20,12,12,8,20,[]
Button,33534:43639,"Size=Large, Variant=Gray, State=Hover, Left Icon=True, Text=False, Right Icon=True",88,48,20,20,12,12,8,20,[]
Button,33534:43640,"Size=Large, Variant=Gray, State=Hover, Left Icon=True, Text=True, Right Icon=False",127,48,20,20,12,12,8,20,[]
Button,33534:43641,"Size=Large, Variant=Gray, State=Hover, Left Icon=True, Text=False, Right Icon=False",48,48,12,12,12,12,8,20,[]
Button,33534:43642,"Size=Large, Variant=Gray, State=Hover, Left Icon=False, Text=True, Right Icon=False",99,48,20,20,12,12,8,20,[]
Button,33534:43643,"Size=Large, Variant=Gray, State=Hover, Left Icon=False, Text=True, Right Icon=True",127,48,20,20,12,12,8,20,[]
Button,33534:43644,"Size=Large, Variant=Outline, State=Default, Left Icon=True, Text=True, Right Icon=True",147,48,20,20,12,12,8,20,[]
Button,33534:43645,"Size=Large, Variant=Outline, State=Default, Left Icon=True, Text=False, Right Icon=True",88,48,20,20,12,12,8,20,[]
Button,33534:43646,"Size=Large, Variant=Outline, State=Default, Left Icon=True, Text=True, Right Icon=False",119,48,20,20,12,12,8,20,[]
Button,33534:43647,"Size=Large, Variant=Outline, State=Default, Left Icon=True, Text=False, Right Icon=False",48,48,12,12,12,12,8,20,[]
Button,33534:43648,"Size=Large, Variant=Outline, State=Default, Left Icon=False, Text=True, Right Icon=False",91,48,20,20,12,12,8,20,[]
Button,33534:43649,"Size=Large, Variant=Outline, State=Default, Left Icon=False, Text=True, Right Icon=True",119,48,20,20,12,12,8,20,[]
Button,33534:43650,"Size=Large, Variant=Outline, State=Hover, Left Icon=True, Text=True, Right Icon=True",155,48,20,20,12,12,8,20,[]
Button,33534:43651,"Size=Large, Variant=Outline, State=Hover, Left Icon=True, Text=False, Right Icon=True",88,48,20,20,12,12,8,20,[]
Button,33534:43652,"Size=Large, Variant=Outline, State=Hover, Left Icon=True, Text=True, Right Icon=False",127,48,20,20,12,12,8,20,[]
Button,33534:43653,"Size=Large, Variant=Outline, State=Hover, Left Icon=True, Text=False, Right Icon=False",48,48,12,12,12,12,8,20,[]
Button,33534:43654,"Size=Large, Variant=Outline, State=Hover, Left Icon=False, Text=True, Right Icon=False",99,48,20,20,12,12,8,20,[]
Button,33534:43655,"Size=Large, Variant=Outline, State=Hover, Left Icon=False, Text=True, Right Icon=True",127,48,20,20,12,12,8,20,[]
Button,33534:43656,"Size=Large, Variant=Filled, State=Default, Left Icon=True, Text=True, Right Icon=True",147,48,20,20,12,12,8,20,[]
Button,33534:43657,"Size=Large, Variant=Filled, State=Default, Left Icon=True, Text=False, Right Icon=True",88,48,20,20,12,12,8,20,[]
Button,33534:43658,"Size=Large, Variant=Filled, State=Default, Left Icon=True, Text=True, Right Icon=False",119,48,20,20,12,12,8,20,[]
Button,33534:43659,"Size=Large, Variant=Filled, State=Default, Left Icon=True, Text=False, Right Icon=False",48,48,12,12,12,12,8,20,[]
Button,33534:43660,"Size=Large, Variant=Filled, State=Default, Left Icon=False, Text=True, Right Icon=False",91,48,20,20,12,12,8,20,[]
Button,33534:43661,"Size=Large, Variant=Filled, State=Default, Left Icon=False, Text=True, Right Icon=True",119,48,20,20,12,12,8,20,[]
Button,33534:43662,"Size=Large, Variant=Filled, State=Hover, Left Icon=True, Text=True, Right Icon=True",155,48,20,20,12,12,8,20,[]
Button,33534:43663,"Size=Large, Variant=Filled, State=Hover, Left Icon=True, Text=False, Right Icon=True",88,48,20,20,12,12,8,20,[]
Button,33534:43664,"Size=Large, Variant=Filled, State=Hover, Left Icon=True, Text=True, Right Icon=False",127,48,20,20,12,12,8,20,[]
Button,33534:43665,"Size=Large, Variant=Filled, State=Hover, Left Icon=True, Text=False, Right Icon=False",48,48,12,12,12,12,8,20,[]
Button,33534:43666,"Size=Large, Variant=Filled, State=Hover, Left Icon=False, Text=True, Right Icon=False",99,48,20,20,12,12,8,20,[]
Button,33534:43667,"Size=Large, Variant=Filled, State=Hover, Left Icon=False, Text=True, Right Icon=True",127,48,20,20,12,12,8,20,[]
Button,33534:43668,"Size=Small, Variant=Borderless, State=Default, Left Icon=True, Text=True, Right Icon=True",94,24,12,12,4,4,4,12,[]
Button,33534:43669,"Size=Small, Variant=Borderless, State=Default, Left Icon=True, Text=False, Right Icon=True",52,24,12,12,4,4,4,12,[]
Button,33534:43670,"Size=Small, Variant=Borderless, State=Default, Left Icon=True, Text=True, Right Icon=False",78,24,12,12,4,4,4,12,[]
Button,33534:43671,"Size=Small, Variant=Borderless, State=Default, Left Icon=True, Text=False, Right Icon=False",24,24,4,4,4,4,4,12,[]
Button,33534:43672,"Size=Small, Variant=Bare, State=Default, Left Icon=True, Text=False, Right Icon=False",16,16,0,0,0,0,4,0,[]
Button,33534:43673,"Size=Small, Variant=Borderless, State=Default, Left Icon=False, Text=True, Right Icon=False",62,24,12,12,4,4,4,12,[]
Button,33534:43674,"Size=Small, Variant=Bare, State=Default, Left Icon=False, Text=True, Right Icon=False",38,16,0,0,0,0,4,0,[]
Button,33534:43675,"Size=Small, Variant=Borderless, State=Default, Left Icon=False, Text=True, Right Icon=True",78,24,12,12,4,4,4,12,[]
Button,33534:43676,"Size=Small, Variant=Borderless, State=Hover, Left Icon=True, Text=True, Right Icon=True",102,24,12,12,4,4,4,12,[]
Button,33534:43677,"Size=Small, Variant=Borderless, State=Hover, Left Icon=True, Text=False, Right Icon=True",52,24,12,12,4,4,4,12,[]
Button,33534:43678,"Size=Small, Variant=Borderless, State=Hover, Left Icon=True, Text=True, Right Icon=False",86,24,12,12,4,4,4,12,[]
Button,33534:43679,"Size=Small, Variant=Borderless, State=Hover, Left Icon=True, Text=False, Right Icon=False",24,24,4,4,4,4,4,12,[]
Button,33534:43680,"Size=Small, Variant=Bare, State=Hover, Left Icon=True, Text=False, Right Icon=False",16,16,0,0,0,0,4,0,[]
Button,33534:43681,"Size=Small, Variant=Borderless, State=Hover, Left Icon=False, Text=True, Right Icon=False",70,24,12,12,4,4,4,12,[]
Button,33534:43682,"Size=Small, Variant=Bare, State=Hover, Left Icon=False, Text=True, Right Icon=False",46,16,0,0,0,0,4,0,[]
Button,33534:43683,"Size=Small, Variant=Borderless, State=Hover, Left Icon=False, Text=True, Right Icon=True",86,24,12,12,4,4,4,12,[]
Button,33534:43684,"Size=Small, Variant=Gray, State=Default, Left Icon=True, Text=True, Right Icon=True",94,24,12,12,4,4,4,12,[]
Button,33534:43685,"Size=Small, Variant=Gray, State=Default, Left Icon=True, Text=False, Right Icon=True",52,24,12,12,4,4,4,12,[]
Button,33534:43686,"Size=Small, Variant=Gray, State=Default, Left Icon=True, Text=True, Right Icon=False",78,24,12,12,4,4,4,12,[]
Button,33534:43687,"Size=Small, Variant=Gray, State=Default, Left Icon=True, Text=False, Right Icon=False",24,24,4,4,4,4,4,12,[]
Button,33534:43688,"Size=Small, Variant=Gray, State=Default, Left Icon=False, Text=True, Right Icon=False",62,24,12,12,4,4,4,12,[]
Button,33534:43689,"Size=Small, Variant=Gray, State=Default, Left Icon=False, Text=True, Right Icon=True",78,24,12,12,4,4,4,12,[]
Button,33534:43690,"Size=Small, Variant=Gray, State=Hover, Left Icon=True, Text=True, Right Icon=True",102,24,12,12,4,4,4,12,[]
Button,33534:43691,"Size=Small, Variant=Gray, State=Hover, Left Icon=True, Text=False, Right Icon=True",52,24,12,12,4,4,4,12,[]
Button,33534:43692,"Size=Small, Variant=Gray, State=Hover, Left Icon=True, Text=True, Right Icon=False",86,24,12,12,4,4,4,12,[]
Button,33534:43693,"Size=Small, Variant=Gray, State=Hover, Left Icon=True, Text=False, Right Icon=False",24,24,4,4,4,4,4,12,[]
Button,33534:43694,"Size=Small, Variant=Gray, State=Hover, Left Icon=False, Text=True, Right Icon=False",70,24,12,12,4,4,4,12,[]
Button,33534:43695,"Size=Small, Variant=Gray, State=Hover, Left Icon=False, Text=True, Right Icon=True",86,24,12,12,4,4,4,12,[]
Button,33534:43696,"Size=Small, Variant=Outline, State=Default, Left Icon=True, Text=True, Right Icon=True",94,24,12,12,4,4,4,12,[]
Button,33534:43697,"Size=Small, Variant=Outline, State=Default, Left Icon=True, Text=False, Right Icon=True",52,24,12,12,4,4,4,12,[]
Button,33534:43698,"Size=Small, Variant=Outline, State=Default, Left Icon=True, Text=True, Right Icon=False",78,24,12,12,4,4,4,12,[]
Button,33534:43699,"Size=Small, Variant=Outline, State=Default, Left Icon=True, Text=False, Right Icon=False",24,24,4,4,4,4,4,12,[]
Button,33534:43700,"Size=Small, Variant=Outline, State=Default, Left Icon=False, Text=True, Right Icon=False",62,24,12,12,4,4,4,12,[]
Button,33534:43701,"Size=Small, Variant=Outline, State=Default, Left Icon=False, Text=True, Right Icon=True",78,24,12,12,4,4,4,12,[]
Button,33534:43702,"Size=Small, Variant=Outline, State=Hover, Left Icon=True, Text=True, Right Icon=True",102,24,12,12,4,4,4,12,[]
Button,33534:43703,"Size=Small, Variant=Outline, State=Hover, Left Icon=True, Text=False, Right Icon=True",52,24,12,12,4,4,4,12,[]
Button,33534:43704,"Size=Small, Variant=Outline, State=Hover, Left Icon=True, Text=True, Right Icon=False",86,24,12,12,4,4,4,12,[]
Button,33534:43705,"Size=Small, Variant=Outline, State=Hover, Left Icon=True, Text=False, Right Icon=False",24,24,4,4,4,4,4,12,[]
Button,33534:43706,"Size=Small, Variant=Outline, State=Hover, Left Icon=False, Text=True, Right Icon=False",70,24,12,12,4,4,4,12,[]
Button,33534:43707,"Size=Small, Variant=Outline, State=Hover, Left Icon=False, Text=True, Right Icon=True",86,24,12,12,4,4,4,12,[]
Button,33534:43708,"Size=Small, Variant=Filled, State=Default, Left Icon=True, Text=True, Right Icon=True",94,24,12,12,4,4,4,12,[]
Button,33534:43709,"Size=Small, Variant=Filled, State=Default, Left Icon=True, Text=False, Right Icon=True",52,24,12,12,4,4,4,12,[]
Button,33534:43710,"Size=Small, Variant=Filled, State=Default, Left Icon=True, Text=True, Right Icon=False",78,24,12,12,4,4,4,12,[]
Button,33534:43711,"Size=Small, Variant=Filled, State=Default, Left Icon=True, Text=False, Right Icon=False",24,24,4,4,4,4,4,12,[]
Button,33534:43712,"Size=Small, Variant=Filled, State=Default, Left Icon=False, Text=True, Right Icon=False",62,24,12,12,4,4,4,12,[]
Button,33534:43713,"Size=Small, Variant=Filled, State=Default, Left Icon=False, Text=True, Right Icon=True",78,24,12,12,4,4,4,12,[]
Button,33534:43714,"Size=Small, Variant=Filled, State=Hover, Left Icon=True, Text=True, Right Icon=True",102,24,12,12,4,4,4,12,[]
Button,33534:43715,"Size=Small, Variant=Filled, State=Hover, Left Icon=True, Text=False, Right Icon=True",52,24,12,12,4,4,4,12,[]
Button,33534:43716,"Size=Small, Variant=Filled, State=Hover, Left Icon=True, Text=True, Right Icon=False",86,24,12,12,4,4,4,12,[]
Button,33534:43717,"Size=Small, Variant=Filled, State=Hover, Left Icon=True, Text=False, Right Icon=False",24,24,4,4,4,4,4,12,[]
Button,33534:43718,"Size=Small, Variant=Filled, State=Hover, Left Icon=False, Text=True, Right Icon=False",70,24,12,12,4,4,4,12,[]
Button,33534:43719,"Size=Small, Variant=Filled, State=Hover, Left Icon=False, Text=True, Right Icon=True",86,24,12,12,4,4,4,12,[]
Button,33534:43720,"Size=Medium, Variant=Borderless, State=Default, Left Icon=True, Text=True, Right Icon=True",120,36,16,16,8,8,6,16,[]
Button,33534:43721,"Size=Medium, Variant=Borderless, State=Default, Left Icon=True, Text=False, Right Icon=True",70,36,16,16,8,8,6,16,[]
Button,33534:43722,"Size=Medium, Variant=Borderless, State=Default, Left Icon=True, Text=True, Right Icon=False",98,36,16,16,8,8,6,16,[]
Button,33534:43723,"Size=Medium, Variant=Borderless, State=Default, Left Icon=True, Text=False, Right Icon=False",36,36,8,8,8,8,6,16,[]
Button,33534:43724,"Size=Medium, Variant=Bare, State=Default, Left Icon=True, Text=False, Right Icon=False",20,20,0,0,0,0,6,0,[]
Button,33534:43725,"Size=Medium, Variant=Borderless, State=Default, Left Icon=False, Text=True, Right Icon=False",76,36,16,16,8,8,6,16,[]
Button,33534:43726,"Size=Medium, Variant=Bare, State=Default, Left Icon=False, Text=True, Right Icon=False",44,20,0,0,0,0,6,0,[]
Button,33534:43727,"Size=Medium, Variant=Borderless, State=Default, Left Icon=False, Text=True, Right Icon=True",98,36,16,16,8,8,6,16,[]
Button,33534:43728,"Size=Medium, Variant=Borderless, State=Hover, Left Icon=True, Text=True, Right Icon=True",128,36,16,16,8,8,6,16,[]
Button,33534:43729,"Size=Medium, Variant=Borderless, State=Hover, Left Icon=True, Text=False, Right Icon=True",70,36,16,16,8,8,6,16,[]
Button,33534:43730,"Size=Medium, Variant=Borderless, State=Hover, Left Icon=True, Text=True, Right Icon=False",106,36,16,16,8,8,6,16,[]
Button,33534:43731,"Size=Medium, Variant=Borderless, State=Hover, Left Icon=True, Text=False, Right Icon=False",36,36,8,8,8,8,6,16,[]
Button,33534:43732,"Size=Medium, Variant=Bare, State=Hover, Left Icon=True, Text=False, Right Icon=False",20,20,0,0,0,0,6,0,[]
Button,33534:43733,"Size=Medium, Variant=Borderless, State=Hover, Left Icon=False, Text=True, Right Icon=False",84,36,16,16,8,8,6,16,[]
Button,33534:43734,"Size=Medium, Variant=Bare, State=Hover, Left Icon=False, Text=True, Right Icon=False",52,20,0,0,0,0,6,0,[]
Button,33534:43735,"Size=Medium, Variant=Borderless, State=Hover, Left Icon=False, Text=True, Right Icon=True",106,36,16,16,8,8,6,16,[]
Button,33534:43736,"Size=Medium, Variant=Gray, State=Default, Left Icon=True, Text=True, Right Icon=True",120,36,16,16,8,8,6,16,[]
Button,33534:43737,"Size=Medium, Variant=Gray, State=Default, Left Icon=True, Text=False, Right Icon=True",70,36,16,16,8,8,6,16,[]
Button,33534:43738,"Size=Medium, Variant=Gray, State=Default, Left Icon=True, Text=True, Right Icon=False",98,36,16,16,8,8,6,16,[]
Button,33534:43739,"Size=Medium, Variant=Gray, State=Default, Left Icon=True, Text=False, Right Icon=False",36,36,8,8,8,8,6,16,[]
Button,33534:43740,"Size=Medium, Variant=Gray, State=Default, Left Icon=False, Text=True, Right Icon=False",76,36,16,16,8,8,6,16,[]
Button,33534:43741,"Size=Medium, Variant=Gray, State=Default, Left Icon=False, Text=True, Right Icon=True",98,36,16,16,8,8,6,16,[]
Button,33534:43742,"Size=Medium, Variant=Gray, State=Hover, Left Icon=True, Text=True, Right Icon=True",128,36,16,16,8,8,6,16,[]
Button,33534:43743,"Size=Medium, Variant=Gray, State=Hover, Left Icon=True, Text=False, Right Icon=True",70,36,16,16,8,8,6,16,[]
Button,33534:43744,"Size=Medium, Variant=Gray, State=Hover, Left Icon=True, Text=True, Right Icon=False",106,36,16,16,8,8,6,16,[]
Button,33534:43745,"Size=Medium, Variant=Gray, State=Hover, Left Icon=True, Text=False, Right Icon=False",36,36,8,8,8,8,6,16,[]
Button,33534:43746,"Size=Medium, Variant=Gray, State=Hover, Left Icon=False, Text=True, Right Icon=False",84,36,16,16,8,8,6,16,[]
Button,33534:43747,"Size=Medium, Variant=Gray, State=Hover, Left Icon=False, Text=True, Right Icon=True",106,36,16,16,8,8,6,16,[]
Button,33534:43748,"Size=Medium, Variant=Outline, State=Default, Left Icon=True, Text=True, Right Icon=True",120,36,16,16,8,8,6,16,[]
Button,33534:43749,"Size=Medium, Variant=Outline, State=Default, Left Icon=True, Text=False, Right Icon=True",70,36,16,16,8,8,6,16,[]
Button,33534:43750,"Size=Medium, Variant=Outline, State=Default, Left Icon=True, Text=True, Right Icon=False",98,36,16,16,8,8,6,16,[]
Button,33534:43751,"Size=Medium, Variant=Outline, State=Default, Left Icon=True, Text=False, Right Icon=False",36,36,8,8,8,8,6,16,[]
Button,33534:43752,"Size=Medium, Variant=Outline, State=Default, Left Icon=False, Text=True, Right Icon=False",76,36,16,16,8,8,6,16,[]
Button,33534:43753,"Size=Medium, Variant=Outline, State=Default, Left Icon=False, Text=True, Right Icon=True",98,36,16,16,8,8,6,16,[]
Button,33534:43754,"Size=Medium, Variant=Outline, State=Hover, Left Icon=True, Text=True, Right Icon=True",128,36,16,16,8,8,6,16,[]
Button,33534:43755,"Size=Medium, Variant=Outline, State=Hover, Left Icon=True, Text=False, Right Icon=True",70,36,16,16,8,8,6,16,[]
Button,33534:43756,"Size=Medium, Variant=Outline, State=Hover, Left Icon=True, Text=True, Right Icon=False",106,36,16,16,8,8,6,16,[]
Button,33534:43757,"Size=Medium, Variant=Outline, State=Hover, Left Icon=True, Text=False, Right Icon=False",36,36,8,8,8,8,6,16,[]
Button,33534:43758,"Size=Medium, Variant=Outline, State=Hover, Left Icon=False, Text=True, Right Icon=False",84,36,16,16,8,8,6,16,[]
Button,33534:43759,"Size=Medium, Variant=Outline, State=Hover, Left Icon=False, Text=True, Right Icon=True",106,36,16,16,8,8,6,16,[]
Button,33534:43760,"Size=Medium, Variant=Filled, State=Default, Left Icon=True, Text=True, Right Icon=True",120,36,16,16,8,8,6,16,[]
Button,33534:43761,"Size=Medium, Variant=Filled, State=Default, Left Icon=True, Text=False, Right Icon=True",70,36,16,16,8,8,6,16,[]
Button,33534:43762,"Size=Medium, Variant=Filled, State=Default, Left Icon=True, Text=True, Right Icon=False",98,36,16,16,8,8,6,16,[]
Button,33534:43763,"Size=Medium, Variant=Filled, State=Default, Left Icon=True, Text=False, Right Icon=False",36,36,8,8,8,8,6,16,[]
Button,33534:43764,"Size=Medium, Variant=Filled, State=Default, Left Icon=False, Text=True, Right Icon=False",76,36,16,16,8,8,6,16,[]
Button,33534:43765,"Size=Medium, Variant=Filled, State=Default, Left Icon=False, Text=True, Right Icon=True",98,36,16,16,8,8,6,16,[]
Button,33534:43766,"Size=Medium, Variant=Filled, State=Hover, Left Icon=True, Text=True, Right Icon=True",128,36,16,16,8,8,6,16,[]
Button,33534:43767,"Size=Medium, Variant=Filled, State=Hover, Left Icon=True, Text=False, Right Icon=True",70,36,16,16,8,8,6,16,[]
Button,33534:43768,"Size=Medium, Variant=Filled, State=Hover, Left Icon=True, Text=True, Right Icon=False",106,36,16,16,8,8,6,16,[]
Button,33534:43769,"Size=Medium, Variant=Filled, State=Hover, Left Icon=True, Text=False, Right Icon=False",36,36,8,8,8,8,6,16,[]
Button,33534:43770,"Size=Medium, Variant=Filled, State=Hover, Left Icon=False, Text=True, Right Icon=False",84,36,16,16,8,8,6,16,[]
Button,33534:43771,"Size=Medium, Variant=Filled, State=Hover, Left Icon=False, Text=True, Right Icon=True",106,36,16,16,8,8,6,16,[]
Group,33534:44049,"Count=2, Vertical=True, Reverse=False",24,56,0,0,0,0,8,12,[]
Group,33534:44050,"Count=2, Vertical=True, Reverse=True",24,56,0,0,0,0,8,12,[]
Group,33534:44051,"Count=3, Vertical=True, Reverse=False",24,88,0,0,0,0,8,12,[]
Group,33534:44052,"Count=3, Vertical=True, Reverse=True",24,88,0,0,0,0,8,12,[]
Group,33534:44053,"Count=4, Vertical=True, Reverse=False",24,120,0,0,0,0,8,12,[]
Group,33534:44054,"Count=4, Vertical=True, Reverse=True",24,120,0,0,0,0,8,12,[]
Group,33534:44055,"Count=5, Vertical=True, Reverse=False",24,152,0,0,0,0,8,12,[]
Group,33534:44056,"Count=5, Vertical=True, Reverse=True",24,152,0,0,0,0,8,12,[]
Group,33534:44057,"Count=6, Vertical=True, Reverse=False",24,184,0,0,0,0,8,12,[]
Group,33534:44058,"Count=6, Vertical=True, Reverse=True",24,184,0,0,0,0,8,12,[]
Group,33534:44059,"Count=7, Vertical=True, Reverse=False",24,216,0,0,0,0,8,12,[]
Group,33534:44060,"Count=7, Vertical=True, Reverse=True",24,216,0,0,0,0,8,12,[]
Group,33534:44061,"Count=8, Vertical=True, Reverse=False",24,248,0,0,0,0,8,12,[]
Group,33534:44062,"Count=8, Vertical=True, Reverse=True",24,248,0,0,0,0,8,12,[]
Group,33534:44063,"Count=1, Vertical=False, Reverse=False",24,24,0,0,0,0,8,12,[]
Group,33534:44064,"Count=2, Vertical=False, Reverse=False",56,24,0,0,0,0,8,12,[]
Group,33534:44065,"Count=2, Vertical=False, Reverse=True",56,24,0,0,0,0,8,12,[]
Group,33534:44066,"Count=3, Vertical=False, Reverse=False",88,24,0,0,0,0,8,12,[]
Group,33534:44067,"Count=3, Vertical=False, Reverse=True",88,24,0,0,0,0,8,12,[]
Group,33534:44068,"Count=4, Vertical=False, Reverse=False",120,24,0,0,0,0,8,12,[]
Group,33534:44069,"Count=4, Vertical=False, Reverse=True",120,24,0,0,0,0,8,12,[]
Group,33534:44070,"Count=5, Vertical=False, Reverse=False",152,24,0,0,0,0,8,12,[]
Group,33534:44071,"Count=5, Vertical=False, Reverse=True",152,24,0,0,0,0,8,12,[]
Group,33534:44072,"Count=6, Vertical=False, Reverse=False",184,24,0,0,0,0,8,12,[]
Group,33534:44073,"Count=6, Vertical=False, Reverse=True",184,24,0,0,0,0,8,12,[]
Group,33534:44074,"Count=7, Vertical=False, Reverse=False",216,24,0,0,0,0,8,12,[]
Group,33534:44075,"Count=7, Vertical=False, Reverse=True",216,24,0,0,0,0,8,12,[]
Group,33534:44076,"Count=8, Vertical=False, Reverse=False",248,24,0,0,0,0,8,12,[]
Group,33534:44077,"Count=8, Vertical=False, Reverse=True",248,24,0,0,0,0,8,12,[]
Input;Tabs,33534:46914,"Size=Medium, Variant=Underline, State=Active",29,24,0,0,0,0,4,0,[]
Input;Tabs,33534:46915,"Size=Large, Variant=Underline, State=Active",33,28,0,0,0,0,4,0,[]
Input;Tabs,33534:46916,"Size=Medium, Variant=Underline, State=Inactive",29,20,0,0,0,0,4,0,[]
Input;Tabs,33534:46917,"Size=Large, Variant=Underline, State=Inactive",33,24,0,0,0,0,4,0,[]
Input;Tabs,33534:46918,"Size=Medium, Variant=Underline, State=Hover",29,20,0,0,0,0,4,0,[]
Input;Tabs,33534:46919,"Size=Large, Variant=Underline, State=Hover",33,24,0,0,0,0,4,0,[]
Input;Tabs,33534:46920,"Size=Small, Variant=Underline, State=Active",25,20,0,0,0,0,4,0,[]
Input;Tabs,33534:46921,"Size=Small, Variant=Underline, State=Inactive",25,16,0,0,0,0,4,0,[]
Input;Tabs,33534:46922,"Size=Small, Variant=Underline, State=Hover",25,16,0,0,0,0,4,0,[]
Input;Tabs,33534:46923,"Size=Small, Variant=Pill, State=Active",130,28,2,2,2,2,2,16,[]
Input;Tabs,33534:46924,"Size=Small, Variant=Icon-toggle, State=Active",108,28,2,2,2,2,2,16,[]
Input;Tabs,33534:46925,"Size=Medium, Variant=Pill, State=Active",164,44,4,4,4,4,4,20,[]
Input;Tabs,33534:46926,"Size=Medium, Variant=Icon-toggle, State=Active",146,44,4,4,4,4,4,20,[]
Input;Tabs,33534:46927,"Size=Large, Variant=Pill, State=Active",194,56,4,4,4,4,4,24,[]
Input;Tabs,33534:46928,"Size=Large, Variant=Icon-toggle, State=Active",179,56,4,4,4,4,4,24,[]
Input;Tabs,33534:46929,"Size=Small, Variant=Solid, State=Active",126,24,0,0,0,0,2,0,[]
Input;Tabs,33534:46930,"Size=Medium, Variant=Solid, State=Active",156,36,0,0,0,0,4,0,[]
Input;Tabs,33534:46931,"Size=Large, Variant=Solid, State=Active",186,48,0,0,0,0,4,0,[]
ContextMenu;DropdownMenu;Popover,33534:70297,Count=1,120,60,12,12,12,12,0,16,[]
ContextMenu;DropdownMenu;Popover,33534:70298,Count=2,120,96,12,12,12,12,0,16,[]
ContextMenu;DropdownMenu;Popover,33534:70299,Count=3,120,132,12,12,12,12,0,16,[]
ContextMenu;DropdownMenu;Popover,33534:70300,Count=4,120,168,12,12,12,12,0,16,[]
ContextMenu;DropdownMenu;Popover,33534:70301,Count=5,120,204,12,12,12,12,0,16,[]
ContextMenu;DropdownMenu;Popover,33534:70302,Count=6,120,240,12,12,12,12,0,16,[]
ContextMenu;DropdownMenu;Popover,33534:70303,Count=7,120,276,12,12,12,12,0,16,[]
ContextMenu;DropdownMenu;Popover,33534:70304,Count=8,120,312,12,12,12,12,0,16,[]
Calendar;DatePicker,33534:89332,Type=Date range and time,360,360,0,0,0,0,0,16,"[[12, 16, ""Regular""], [14, 20, ""Regular""]]"
Calendar;DatePicker,33534:89333,Type=Date and time,360,360,0,0,0,0,0,16,"[[12, 16, ""Regular""], [14, 20, ""Regular""]]"
Calendar;DatePicker,33534:89334,Type=Date only,360,360,0,0,0,0,0,16,"[[12, 16, ""Regular""], [14, 20, ""Regular""]]"
Calendar;DatePicker,33534:89335,Type=Date range,360,360,0,0,0,0,0,16,"[[12, 16, ""Regular""], [14, 20, ""Regular""]]"
Input,33400:83402,State=Focus,120,44,16,16,12,12,8,16,[]
Input,33400:83403,State=Hover,120,44,16,16,12,12,8,16,[]
Input,33400:83404,State=Default,120,44,16,16,12,12,8,16,[]
Input,33400:83405,State=Static,120,44,16,16,12,12,8,16,[]
Input,33319:52353,"Select=False, State=Hover",32,32,0,0,0,0,0,0,[]
Input,33319:52354,"Select=True, State=Hover",32,32,0,0,0,0,0,0,[]
Input,33319:52355,"Select=False, State=Default",32,32,0,0,0,0,0,0,[]
Input,33319:52356,"Select=True, State=Default",32,32,0,0,0,0,0,0,[]
RadioAlt,33400:44124,"Select=False, State=Static",32,32,0,0,0,0,0,0,[]
RadioAlt,33400:44125,"Select=True, State=Static",32,32,0,0,0,0,0,0,[]
RadioAlt,33400:44126,"Select=False, State=Hover",32,32,0,0,0,0,0,0,[]
RadioAlt,33400:44127,"Select=True, State=Hover",32,32,0,0,0,0,0,0,[]
RadioAlt,33400:44128,"Select=False, State=Default",32,32,0,0,0,0,0,0,[]
RadioAlt,33400:44129,"Select=True, State=Default",32,32,0,0,0,0,0,0,[]
Scrollbar,33509:100030,State=Default,4,80,0,0,0,0,0,8,[]
Scrollbar,33509:100031,State=Hover,8,80,0,0,0,0,0,8,[]
Text,32814:290,"Count=7, State=Static, Vertical=False",301,20,0,0,0,0,4,12,"[[14, 20, ""Regular""]]"
Text,32814:291,"Count=6, State=Static, Vertical=False",256,20,0,0,0,0,4,12,"[[14, 20, ""Regular""]]"
Text,32814:292,"Count=5, State=Static, Vertical=False",211,20,0,0,0,0,4,12,"[[14, 20, ""Regular""]]"
Text,32814:293,"Count=4, State=Static, Vertical=False",166,20,0,0,0,0,4,12,"[[14, 20, ""Regular""]]"
Text,32814:294,"Count=3, State=Static, Vertical=False",120,20,0,0,0,0,4,12,"[[14, 20, ""Regular""]]"
Text,32814:295,"Count=2, State=Static, Vertical=False",74,20,0,0,0,0,4,12,"[[14, 20, ""Regular""]]"
Text,32814:296,"Count=4, State=Static, Vertical=True",42,80,0,0,0,0,0,12,"[[14, 20, ""Regular""]]"
Text,32814:297,"Count=5, State=Static, Vertical=True",42,100,0,0,0,0,0,12,"[[14, 20, ""Regular""]]"
Text,32814:298,"Count=6, State=Static, Vertical=True",42,120,0,0,0,0,0,12,"[[14, 20, ""Regular""]]"
Text,32814:299,"Count=7, State=Static, Vertical=True",42,140,0,0,0,0,0,12,"[[14, 20, ""Regular""]]"
Text,32814:300,"Count=3, State=Static, Vertical=True",42,60,0,0,0,0,0,12,"[[14, 20, ""Regular""]]"
Text,32814:301,"Count=2, State=Static, Vertical=True",41,40,0,0,0,0,0,12,"[[14, 20, ""Regular""]]"
Text,32814:302,"Count=1, State=Static, Vertical=True",29,20,0,0,0,0,0,12,"[[14, 20, ""Regular""]]"
Text,32814:303,"Count=6, State=Hover, Vertical=False",264,20,4,4,0,0,4,12,"[[14, 20, ""Regular""]]"
Text,32814:304,"Count=7, State=Hover, Vertical=False",309,20,4,4,0,0,4,12,"[[14, 20, ""Regular""]]"
Text,32814:305,"Count=5, State=Hover, Vertical=False",219,20,4,4,0,0,4,12,"[[14, 20, ""Regular""]]"
Text,32814:306,"Count=4, State=Hover, Vertical=False",174,20,4,4,0,0,4,12,"[[14, 20, ""Regular""]]"
Text,32814:307,"Count=3, State=Hover, Vertical=False",128,20,4,4,0,0,4,12,"[[14, 20, ""Regular""]]"
Text,32814:308,"Count=2, State=Hover, Vertical=False",82,20,4,4,0,0,4,12,"[[14, 20, ""Regular""]]"
Text,32814:309,"Count=4, State=Hover, Vertical=True",50,80,4,4,0,0,0,12,"[[14, 20, ""Regular""]]"
Text,32814:310,"Count=5, State=Hover, Vertical=True",50,100,4,4,0,0,0,12,"[[14, 20, ""Regular""]]"
Text,32814:311,"Count=6, State=Hover, Vertical=True",50,120,4,4,0,0,0,12,"[[14, 20, ""Regular""]]"
Text,32814:312,"Count=7, State=Hover, Vertical=True",50,140,4,4,0,0,0,12,"[[14, 20, ""Regular""]]"
Text,32814:313,"Count=3, State=Hover, Vertical=True",50,60,4,4,0,0,0,12,"[[14, 20, ""Regular""]]"
Text,32814:314,"Count=2, State=Hover, Vertical=True",49,40,4,4,0,0,0,12,"[[14, 20, ""Regular""]]"
Text,32814:315,"Count=1, State=Hover, Vertical=True",37,20,4,4,0,0,0,12,"[[14, 20, ""Regular""]]"
Text,32814:316,"Count=6, State=Default, Vertical=False",256,20,0,0,0,0,4,12,"[[14, 20, ""Regular""]]"
Text,32814:317,"Count=7, State=Default, Vertical=False",301,20,0,0,0,0,4,12,"[[14, 20, ""Regular""]]"
Text,32814:318,"Count=5, State=Default, Vertical=False",211,20,0,0,0,0,4,12,"[[14, 20, ""Regular""]]"
Text,32814:319,"Count=4, State=Default, Vertical=False",166,20,0,0,0,0,4,12,"[[14, 20, ""Regular""]]"
Text,32814:320,"Count=3, State=Default, Vertical=False",120,20,0,0,0,0,4,12,"[[14, 20, ""Regular""]]"
Text,32814:321,"Count=2, State=Default, Vertical=False",74,20,0,0,0,0,4,12,"[[14, 20, ""Regular""]]"
Text,32814:322,"Count=4, State=Default, Vertical=True",42,80,0,0,0,0,0,12,"[[14, 20, ""Regular""]]"
Text,32814:323,"Count=5, State=Default, Vertical=True",42,100,0,0,0,0,0,12,"[[14, 20, ""Regular""]]"
Text,32814:324,"Count=6, State=Default, Vertical=True",42,120,0,0,0,0,0,12,"[[14, 20, ""Regular""]]"
Text,32814:325,"Count=7, State=Default, Vertical=True",42,140,0,0,0,0,0,12,"[[14, 20, ""Regular""]]"
Text,32814:326,"Count=3, State=Default, Vertical=True",42,60,0,0,0,0,0,12,"[[14, 20, ""Regular""]]"
Text,32814:327,"Count=2, State=Default, Vertical=True",41,40,0,0,0,0,0,12,"[[14, 20, ""Regular""]]"
Text,32814:328,"Count=1, State=Default, Vertical=True",29,20,0,0,0,0,0,12,"[[14, 20, ""Regular""]]"
Text,33257:43266,Variant=Border,28,16,4,4,0,0,0,6,"[[12, 16, ""Regular""]]"
Text,33257:43268,Variant=Solid,28,16,4,4,0,0,0,6,"[[12, 16, ""Regular""]]"
